Description,Epitope,Epitope Type
mRNA-capping enzyme catalytic subunit,DDDSLKLSLLDYIK,CD8
mRNA-capping enzyme catalytic subunit,DDSLKLSLLDY,CD8
mRNA-capping enzyme catalytic subunit,DSLKLSLLDYI,CD8
mRNA-capping enzyme catalytic subunit,SLKLSLLDY,CD8
mRNA-capping enzyme catalytic subunit,LKLSLLDYI,CD8
Early protein OPG038,EGVKKLFNFLILFF,CD8
Early protein OPG038,GVKKLFNFLILF,CD8
Early protein OPG038,VKKLFNFLILFF,CD8
Early protein OPG038,KKLFNFLILFFF,CD8
Early protein OPG038,KLFNFLILFFFVS,CD8
Deoxyuridine 5'-triphosphate nucleotidohydrolase,SKFIVYVKKS,CD8
Deoxyuridine 5'-triphosphate nucleotidohydrolase,KFIVYVKK,CD8
Deoxyuridine 5'-triphosphate nucleotidohydrolase,FIVYVKKSS,CD8
Deoxyuridine 5'-triphosphate nucleotidohydrolase,IVYVKKSSESA,CD8
Deoxyuridine 5'-triphosphate nucleotidohydrolase,KKSSESATIPTKS,CD8
Ribonucleoside-diphosphate reductase small chain,NTPCEPILKPTL,CD8
Ribonucleoside-diphosphate reductase small chain,TPCEPILKPTLN,CD8
Ribonucleoside-diphosphate reductase small chain,PCEPILKP,CD8
Ribonucleoside-diphosphate reductase small chain,CEPILKPTLNK,CD8
Ribonucleoside-diphosphate reductase small chain,ILKPTLNKYV,CD8
Poly(A) polymerase catalytic subunit,NSITLTLK,CD8
Poly(A) polymerase catalytic subunit,LTLKNYLGR,CD8
Poly(A) polymerase catalytic subunit,GRMPTINE,CD8
Poly(A) polymerase catalytic subunit,MPTINEYHML,CD8
Poly(A) polymerase catalytic subunit,PTINEYHMLKSQVR,CD8
DNA-directed RNA polymerase 30 kDa polypeptide,ATLEDIKTLAKK,CD8
DNA-directed RNA polymerase 30 kDa polypeptide,TLEDIKTLAKKYIN,CD8
DNA-directed RNA polymerase 30 kDa polypeptide,LEDIKTLA,CD8
DNA-directed RNA polymerase 30 kDa polypeptide,EDIKTLAK,CD8
DNA-directed RNA polymerase 30 kDa polypeptide,DIKTLAKK,CD8
Protein OPG067,LHAKYNEKGY,CD8
Protein OPG067,HAKYNEKGYEYACR,CD8
Protein OPG067,AKYNEKGYEYACRL,CD8
Protein OPG067,KYNEKGYEYACR,CD8
Protein OPG067,YNEKGYEY,CD8
DNA polymerase,CINWFESKGDNRY,CD8
DNA polymerase,INWFESKGD,CD8
DNA polymerase,WFESKGDNRYLF,CD8
DNA polymerase,FESKGDNR,CD8
DNA polymerase,ESKGDNRYL,CD8
RNA helicase NPH-II,DNHLPEIFYFPNC,CD8
RNA helicase NPH-II,HLPEIFYFPNCVD,CD8
RNA helicase NPH-II,LPEIFYFP,CD8
RNA helicase NPH-II,PEIFYFPN,CD8
RNA helicase NPH-II,EIFYFPNCVDIFS,CD8
Entry-fusion complex protein OPG086,ASFLVYLLFFI,CD8
Entry-fusion complex protein OPG086,SFLVYLLF,CD8
Entry-fusion complex protein OPG086,FLVYLLFF,CD8
Entry-fusion complex protein OPG086,LVYLLFFI,CD8
Entry-fusion complex protein OPG086,VYLLFFIIFIVIA,CD8
DNA-directed RNA polymerase 7 kDa subunit,VFQLICSTC,CD8
DNA-directed RNA polymerase 7 kDa subunit,FQLICSTC,CD8
DNA-directed RNA polymerase 7 kDa subunit,QLICSTCGR,CD8
DNA-directed RNA polymerase 7 kDa subunit,LICSTCGR,CD8
Assembly protein G7,EQKQSVIFPII,CD8
Assembly protein G7,QSVIFPIISK,CD8
Assembly protein G7,SVIFPIIS,CD8
Assembly protein G7,VIFPIISKAIVKSV,CD8
Assembly protein G7,IFPIISKAIVKS,CD8
Thymidine kinase,TSKSGHIQI,CD8
Thymidine kinase,SKSGHIQIILGPM,CD8
Thymidine kinase,KSGHIQIIL,CD8
Thymidine kinase,SGHIQIILGPMF,CD8
Thymidine kinase,GHIQIILGPM,CD8
Cap-specific mRNA (nucleoside-2'-O-)-methyltransferase,EKPIMYLDETNSE,CD8
Cap-specific mRNA (nucleoside-2'-O-)-methyltransferase,IMYLDETNSE,CD8
Cap-specific mRNA (nucleoside-2'-O-)-methyltransferase,MYLDETNSEMD,CD8
Cap-specific mRNA (nucleoside-2'-O-)-methyltransferase,YLDETNSE,CD8
Cap-specific mRNA (nucleoside-2'-O-)-methyltransferase,LDETNSEMDY,CD8
DNA-directed RNA polymerase subunit,NNHNVKYLA,CD8
DNA-directed RNA polymerase subunit,NHNVKYLA,CD8
DNA-directed RNA polymerase subunit,HNVKYLAKIL,CD8
DNA-directed RNA polymerase subunit,VKYLAKILCLKAE,CD8
DNA-directed RNA polymerase subunit,YLAKILCLKA,CD8
DNA-directed RNA polymerase 147 kDa polypeptide,AVISKVTY,CD8
DNA-directed RNA polymerase 147 kDa polypeptide,ISKVTYSLYNQE,CD8
DNA-directed RNA polymerase 147 kDa polypeptide,SKVTYSLYNQ,CD8
DNA-directed RNA polymerase 147 kDa polypeptide,KVTYSLYNQEEIN,CD8
DNA-directed RNA polymerase 147 kDa polypeptide,VTYSLYNQ,CD8
Early transcription factor 70 kDa subunit,NLEIVDLFNGHV,CD8
Early transcription factor 70 kDa subunit,LEIVDLFNG,CD8
Early transcription factor 70 kDa subunit,EIVDLFNGHV,CD8
Early transcription factor 70 kDa subunit,IVDLFNGHVNNI,CD8
Early transcription factor 70 kDa subunit,VDLFNGHVNNIPNI,CD8
Nucleoside triphosphatase I,STQHAAYIDY,CD8
Nucleoside triphosphatase I,QHAAYIDYA,CD8
Nucleoside triphosphatase I,IDYALNRMESMPIE,CD8
Nucleoside triphosphatase I,DYALNRMESMPI,CD4
Nucleoside triphosphatase I,ALNRMESMPIE,CD8
39kDa core protein OPG130,YSKELVLTAKN,CD8
39kDa core protein OPG130,KELVLTAKNIKDE,CD8
Intermediate transcription factor 3 small subunit,FDPVPDLNLEAT,CD8
Intermediate transcription factor 3 small subunit,DPVPDLNLEA,CD4
Intermediate transcription factor 3 small subunit,PVPDLNLEATVEI,CD8
Intermediate transcription factor 3 small subunit,VPDLNLEATVEIGD,CD8
Intermediate transcription factor 3 small subunit,PDLNLEATVEIG,CD4
IMV membrane protein,CYFAILKSIG,CD8
IMV membrane protein,YFAILKSIGGLALF,CD8
IMV membrane protein,FAILKSIGGL,CD8
IMV membrane protein,AILKSIGGLA,CD8
DNA-directed RNA polymerase 35 kDa subunit,FRKEKTFAINLN,CD8
DNA-directed RNA polymerase 35 kDa subunit,RKEKTFAINLNS,CD8
DNA-directed RNA polymerase 35 kDa subunit,KEKTFAINL,CD8
DNA-directed RNA polymerase 35 kDa subunit,KTFAINLNSG,CD8
DNA-directed RNA polymerase 35 kDa subunit,TFAINLNSG,CD8
E3 ubiquitin-protein ligase LAP,SDICWICNDVCDE,CD8
E3 ubiquitin-protein ligase LAP,DICWICNDVCDE,CD8
E3 ubiquitin-protein ligase LAP,ICWICNDVC,CD8
E3 ubiquitin-protein ligase LAP,CWICNDVCDERNN,CD8
E3 ubiquitin-protein ligase LAP,ICNDVCDERN,CD8
Serine/threonine-protein kinase,GVKTDNSLECQW,CD8
Serine/threonine-protein kinase,VKTDNSLECQWDLQ,CD8
Serine/threonine-protein kinase,KTDNSLECQWDLQD,CD4
Serine/threonine-protein kinase,DNSLECQWD,CD4
Serine/threonine-protein kinase,NSLECQWDLQ,CD8
RNA polymerase-associated transcription-specificity factor RAP94,SKETVLIDIIP,CD8
RNA polymerase-associated transcription-specificity factor RAP94,KETVLIDI,CD8
RNA polymerase-associated transcription-specificity factor RAP94,ETVLIDIIPKIK,CD4
RNA polymerase-associated transcription-specificity factor RAP94,TVLIDIIPK,CD8
RNA polymerase-associated transcription-specificity factor RAP94,VLIDIIPKIK,CD4
DNA-directed RNA polymerase,KKNTVFEMDQIIGY,CD8
DNA-directed RNA polymerase,KNTVFEMDQIIG,CD4
DNA-directed RNA polymerase,NTVFEMDQIIGYKF,CD8
DNA-directed RNA polymerase,TVFEMDQIIGYKF,CD8
DNA-directed RNA polymerase,VFEMDQIIGYKF,CD8
host range factor p28,EDDSNICQ,CD8
host range factor p28,DDSNICQN,CD8
host range factor p28,DSNICQNYDILHG,CD8
host range factor p28,SNICQNYD,CD8
host range factor p28,NICQNYDILHGE,CD8
Dual specificity Ser/Thr and Tyr phosphatase,DKKCIYEN,CD8
Dual specificity Ser/Thr and Tyr phosphatase,KKCIYENVLLK,CD8
Dual specificity Ser/Thr and Tyr phosphatase,KCIYENVLL,CD8
Dual specificity Ser/Thr and Tyr phosphatase,YENVLLKSTGLLP,CD8
Dual specificity Ser/Thr and Tyr phosphatase,ENVLLKST,CD8
Uncharacterized protein 3L,KIMEKYIK,CD8
Uncharacterized protein 3L,IMEKYIKLL,CD8
Uncharacterized protein 3L,KYIKLLSKN,CD8
Uncharacterized protein 3L,LLSKNEFAQ,CD8
Uncharacterized protein 3L,KNEFAQFCSIFMV,CD8
Ankyrin repeat protein,DEERFTDY,CD8
Ankyrin repeat protein,DYDEFIDD,CD8
Ankyrin repeat protein,DEFIDDLFVSYTN,CD8
Ankyrin repeat protein,FIDDLFVS,CD8
Ankyrin repeat protein,IDDLFVSYTN,CD8
Monoglyceride lipase,IHYFINKG,CD8
Monoglyceride lipase,HYFINKGGKFI,CD8
Monoglyceride lipase,YFINKGGKF,CD8
Monoglyceride lipase,FINKGGKFIS,CD8
Monoglyceride lipase,INKGGKFISC,CD8
Pyrin domain,LYNMRIKSAIIFSL,CD4
Pyrin domain,YNMRIKSAIIFS,CD8
Pyrin domain,NMRIKSAIIFSLE,CD8
Pyrin domain,MRIKSAIIFSL,CD8
Pyrin domain,RIKSAIIFSLEDV,CD8
Kelch protein,FVDLEHVEKLST,CD8
Kelch protein,HVEKLSTF,CD8
Kelch protein,VEKLSTFS,CD8
Kelch protein,EKLSTFSKLFSLED,CD8
Kelch protein,KLSTFSKLFSLED,CD8
Uncharacterized protein 22L,GDKYVKSIKR,CD8
Uncharacterized protein 22L,DKYVKSIKR,CD4
Uncharacterized protein 22L,KYVKSIKRKIYSL,CD4
Uncharacterized protein 22L,YVKSIKRKIYSL,CD8
Uncharacterized protein 22L,VKSIKRKIYSLNFF,CD8
Uncharacterized protein 24L,TEIQRVNTL,CD8
Uncharacterized protein 24L,IQRVNTLYDLFIE,CD8
Uncharacterized protein 24L,QRVNTLYD,CD8
Uncharacterized protein 24L,RVNTLYDLFIEKY,CD8
Uncharacterized protein 24L,VNTLYDLFIE,CD8
EEV maturation,SVLFKFFN,CD8
EEV maturation,VLFKFFNN,CD8
EEV maturation,LFKFFNNSKKCTN,CD8
EEV maturation,FKFFNNSKKCT,CD8
EEV maturation,KFFNNSKKCTNDIS,CD8
Palmitylated EEV envelope protein,HLFFSKPPSG,CD8
Palmitylated EEV envelope protein,FFSKPPSGA,CD8
Palmitylated EEV envelope protein,SKPPSGAGCR,CD8
Palmitylated EEV envelope protein,KPPSGAGCRIVETI,CD8
Palmitylated EEV envelope protein,PPSGAGCRIVET,CD8
Uncharacterized protein 28L,EAPQNNSL,CD8
Uncharacterized protein 28L,APQNNSLYLE,CD8
Uncharacterized protein 28L,PQNNSLYLEGVKI,CD4
Uncharacterized protein 28.5L,QLESTLLVIAIIMM,CD8
Uncharacterized protein 28.5L,LESTLLVIA,CD8
Uncharacterized protein 28.5L,ESTLLVIAIIM,CD8
Uncharacterized protein 28.5L,STLLVIAIIMMLL,CD8
Uncharacterized protein 29L,GLSDLISL,CD8
Uncharacterized protein 29L,DLISLNPFKNM,CD8
Protein OPG061,TFAIIVTSLVSL,CD8
Protein OPG061,FAIIVTSLVS,CD8
Protein OPG061,AIIVTSLVS,CD8
Protein OPG061,IIVTSLVSLFDA,CD8
Protein OPG061,IVTSLVSLFD,CD8
DsRNA-binding,LLSCTVNDAEIFSL,CD4
DsRNA-binding,TVNDAEIFSLVKKE,CD8
DsRNA-binding,NDAEIFSL,CD8
DsRNA-binding,DAEIFSLVK,CD8
DsRNA-binding,AEIFSLVKK,CD8
Protein E6 homolog,YIRRKYLIY,CD8
Protein E6 homolog,RRKYLIYTIENK,CD8
Protein E6 homolog,RKYLIYTI,CD8
Protein E6 homolog,KYLIYTIENKIDFL,CD4
Protein E6 homolog,YLIYTIENK,CD8
Protein OPG070,TSNFDIFKESQKRN,CD8
Protein OPG070,SNFDIFKESQ,CD8
Protein OPG070,NFDIFKESQ,CD8
Protein OPG070,DIFKESQK,CD8
Protein OPG070,IFKESQKRNED,CD8
Sulfhydryl oxidase,PKHWGRALWTVIFI,CD8
Sulfhydryl oxidase,KHWGRALWTVIFI,CD8
Sulfhydryl oxidase,HWGRALWTVIFI,CD8
Sulfhydryl oxidase,WGRALWTV,CD8
Sulfhydryl oxidase,GRALWTVIFIL,CD8
Uncharacterized protein 41L,INIFLESDT,CD8
Uncharacterized protein 41L,NIFLESDTGRVK,CD8
Uncharacterized protein 41L,IFLESDTGRVKLA,CD8
Uncharacterized protein 41L,FLESDTGRVKL,CD8
Uncharacterized protein 41L,LESDTGRVKLAID,CD4
Uncharacterized protein 42L,TLYMYPKNARK,CD8
Uncharacterized protein 42L,YPKNARKA,CD8
Uncharacterized protein 42L,KNARKALS,CD8
Uncharacterized protein 42L,NARKALSKLISK,CD8
Uncharacterized protein 42L,ARKALSKL,CD8
DNA binding core protein,AECEEQLVL,CD8
DNA binding core protein,ECEEQLVLNNI,CD8
DNA binding core protein,CEEQLVLN,CD8
DNA binding core protein,EEQLVLNNI,CD8
DNA binding core protein,VLNNISARA,CD4
Uncharacterized protein 44L,DKLYTAIFG,CD8
Uncharacterized protein 44L,KLYTAIFGVFLSSE,CD8
Uncharacterized protein 44L,LYTAIFGVFLSS,CD8
Uncharacterized protein 44L,YTAIFGVFLSSENE,CD8
Uncharacterized protein 44L,TAIFGVFLSSE,CD8
Structural protein,ALSTREIFSAIG,CD8
Structural protein,STREIFSAIGITC,CD8
Structural protein,TREIFSAIGITCMA,CD8
Structural protein,REIFSAIGIT,CD8
Uncharacterized protein 47L,FIKNAANK,CD8
Uncharacterized protein 47L,IKNAANKMYKPY,CD4
Uncharacterized protein 47L,KNAANKMYKPY,CD8
Uncharacterized protein 47L,AANKMYKPYKKI,CD4
Uncharacterized protein 47L,ANKMYKPYKKIIP,CD8
Topoisomerase II,DRYTDLVINKIPEL,CD8
Topoisomerase II,YTDLVINKIPELGF,CD8
Topoisomerase II,TDLVINKI,CD8
Topoisomerase II,DLVINKIPELG,CD8
Topoisomerase II,LVINKIPE,CD8
Late transcription elongation factor OPG087,PFRDVILFYLSHFL,CD8
Late transcription elongation factor OPG087,FRDVILFY,CD8
Late transcription elongation factor OPG087,RDVILFYLSHFL,CD8
Late transcription elongation factor OPG087,DVILFYLSHFLL,CD8
Late transcription elongation factor OPG087,VILFYLSHFLLMD,CD8
Glutaredoxin-2,KKTLILFGKPF,CD8
Glutaredoxin-2,KTLILFGKPFCGMC,CD8
Glutaredoxin-2,TLILFGKPFC,CD8
Glutaredoxin-2,LILFGKPFCGMCE,CD8
Glutaredoxin-2,GKPFCGMCESIS,CD8
Uncharacterized protein 54R,GIKNLKTLLL,CD8
Uncharacterized protein 54R,IKNLKTLLLE,CD8
Uncharacterized protein 54R,KNLKTLLLET,CD8
Uncharacterized protein 54R,LKTLLLETG,CD8
Uncharacterized protein 54R,KTLLLETGFLHKI,CD8
Protein OPG091,DPIMFIKNYTPKGA,CD8
Protein OPG091,PIMFIKNYTPKG,CD8
Protein OPG091,MFIKNYTPKGAI,CD8
Protein OPG091,IKNYTPKGAIIFL,CD8
Protein OPG091,KNYTPKGAIIFLNY,CD8
Late transcription factor 1,LRIKIDKL,CD8
Late transcription factor 1,IDKLRQIVA,CD8
Late transcription factor 1,DKLRQIVAYF,CD8
Late transcription factor 1,LRQIVAYF,CD8
Late transcription factor 1,RQIVAYFS,CD8
IMV membrane protein,GAAASIQTTVNTLN,CD8
IMV membrane protein,AAASIQTTVNT,CD8
IMV membrane protein,AASIQTTVNTLN,CD4
IMV membrane protein,ASIQTTVNTLNEKI,CD4
IMV membrane protein,SIQTTVNTLNE,CD8
Uncharacterized protein 62L,NGNNRHRKHYDKNK,CD8
Uncharacterized protein 62L,GNNRHRKHYDKNKK,CD8
Uncharacterized protein 62L,NNRHRKHY,CD8
Uncharacterized protein 62L,NRHRKHYDKNKKVF,CD8
Uncharacterized protein 62L,RHRKHYDKNKKVFK,CD8
Uncharacterized protein 70L,TDEEIYLFCDSNKE,CD8
Uncharacterized protein 70L,DEEIYLFCDSNKE,CD8
Uncharacterized protein 70L,EEIYLFCD,CD8
Uncharacterized protein 70L,EIYLFCDSN,CD8
Uncharacterized protein 70L,IYLFCDSNKEDIRC,CD8
Uncharacterized protein 78R,DNKLKTIS,CD8
Uncharacterized protein 78R,NKLKTISLTFFS,CD8
Uncharacterized protein 78R,KLKTISLTFFSGEL,CD8
Uncharacterized protein 78R,LKTISLTFFSGELL,CD4
Uncharacterized protein 78R,KTISLTFFS,CD8
Virion protein,DQIKKINDII,CD8
Virion protein,QIKKINDIIQNCN,CD8
Virion protein,IKKINDIIQ,CD8
Virion protein,KKINDIIQNC,CD8
Virion protein,KINDIIQNCNAVFS,CD8
Virion protein,IYIVEDSI,CD8
Virion protein,YIVEDSIYPA,CD8
Virion protein,IVEDSIYP,CD8
Virion protein,EDSIYPAT,CD8
Virion protein,DSIYPATFNKNNEA,CD8
Uracil-DNA glycosylase,KTANLEYEP,CD4
Uracil-DNA glycosylase,ANLEYEPYVIDYH,CD4
Uracil-DNA glycosylase,YEPYVIDYHEDWE,CD4
Uracil-DNA glycosylase,PYVIDYHEDWEPVI,CD8
Uracil-DNA glycosylase,YVIDYHEDWEP,CD4
NTPase,GSISNNEHVFV,CD8
NTPase,SISNNEHVFVL,CD8
NTPase,ISNNEHVFVLKS,CD8
NTPase,SNNEHVFVLKSI,CD8
NTPase,NNEHVFVL,CD8
MutT motif protein,ENFSSVIFE,CD4
MutT motif protein,NFSSVIFE,CD8
MutT motif protein,FSSVIFET,CD8
MutT motif protein,SSVIFETSREFV,CD8
MutT motif protein,SVIFETSREF,CD8
mRNA capping enzyme VITF,EQITKCIKEGTHT,CD8
mRNA capping enzyme VITF,QITKCIKEGTH,CD8
mRNA capping enzyme VITF,ITKCIKEGTHT,CD8
mRNA capping enzyme VITF,TKCIKEGTHT,CD8
mRNA capping enzyme VITF,KCIKEGTHTLFP,CD8
Viral late gene transcription factor 2,AKKVSLPNIVI,CD8
Viral late gene transcription factor 2,KKVSLPNI,CD8
Viral late gene transcription factor 2,KVSLPNIVISS,CD8
Viral late gene transcription factor 2,VSLPNIVISS,CD8
Viral late gene transcription factor 2,SLPNIVISS,CD8
Redox virion protein,WYSKYNIVLDKPK,CD8
Redox virion protein,SKYNIVLDKPKK,CD8
Redox virion protein,KYNIVLDKPK,CD8
Virion core protein 4b,SNVNEIFLNSKLNL,CD8
Virion core protein 4b,NEIFLNSKLNLEK,CD8
Virion core protein 4b,EIFLNSKLNL,CD8
Virion core protein 4b,IFLNSKLNLEK,CD8
Virion core protein 4b,FLNSKLNLEKGYNN,CD8
Uncharacterized protein 97L,DKLKILYNDFYKTS,CD8
Uncharacterized protein 97L,KLKILYNDFYKTSK,CD8
Uncharacterized protein 97L,LKILYNDFYKTSK,CD8
Uncharacterized protein 97L,KILYNDFYK,CD8
Uncharacterized protein 97L,LYNDFYKTSKKY,CD8
Early transcription factor 82 kDa subunit,YIISPQLVIYVGK,CD8
Early transcription factor 82 kDa subunit,IISPQLVIYVGK,CD8
Early transcription factor 82 kDa subunit,ISPQLVIY,CD8
Early transcription factor 82 kDa subunit,SPQLVIYVGK,CD8
Early transcription factor 82 kDa subunit,PQLVIYVGKGQEI,CD8
Core protein P4a,HINTVTTLD,CD8
Core protein P4a,INTVTTLDQL,CD8
Core protein P4a,NTVTTLDQL,CD8
Core protein P4a,TVTTLDQLEDSEYL,CD4
Core protein P4a,VTTLDQLEDSEYL,CD4
Uncharacterized protein 102R,TIPVTDIV,CD8
Uncharacterized protein 102R,IPVTDIVNDY,CD8
Uncharacterized protein 102R,IVNDYTVT,CD8
Uncharacterized protein 102R,NDYTVTAFS,CD8
Uncharacterized protein 102R,DYTVTAFSEDGYPS,CD8
IMV membrane protein,IADVILVVVCVAII,CD8
IMV membrane protein,DVILVVVC,CD8
IMV membrane protein,VILVVVCVAIIGL,CD8
IMV phosphoprotein,VMGAINNYFNGAL,CD8
IMV phosphoprotein,GAINNYFNGALIG,CD8
IMV phosphoprotein,INNYFNGAL,CD8
IMV membrane virulence factor,TNYEPFILLGIIC,CD8
IMV membrane virulence factor,NYEPFILLGII,CD8
Uncharacterized protein 107L,FVDDKTIVIYSKW,CD8
Uncharacterized protein 107L,VDDKTIVIYS,CD8
Uncharacterized protein 107L,DDKTIVIYSKWPS,CD8
Uncharacterized protein 107L,DKTIVIYSKWPS,CD8
Uncharacterized protein 107L,KTIVIYSKW,CD8
IMV protein,GSSVSITS,CD8
IMV protein,SSVSITSLKVAP,CD8
IMV protein,SVSITSLKVAPN,CD8
IMV protein,VSITSLKVAP,CD8
IMV protein,SITSLKVAPNLADQ,CD8
IMV membrane phosphoprotein,YLSYYNMFDDF,CD8
IMV membrane phosphoprotein,LSYYNMFDDFSA,CD8
IMV membrane phosphoprotein,SYYNMFDDFSAGA,CD8
IMV membrane phosphoprotein,YYNMFDDFS,CD8
IMV membrane phosphoprotein,YNMFDDFSAGAGVS,CD8
Uncharacterized protein 111L,DNLGGSKKKK,CD8
Uncharacterized protein 111L,NLGGSKKKKRK,CD8
Uncharacterized protein 111L,LGGSKKKKRKPKTT,CD8
Uncharacterized protein 111L,GGSKKKKRKPKTTI,CD8
Uncharacterized protein 111L,GSKKKKRKPKTTIQ,CD8
DNA polymerase processivity factor,ATSNDLKKLI,CD8
DNA polymerase processivity factor,TSNDLKKLIELL,CD8
DNA polymerase processivity factor,SNDLKKLIEL,CD8
DNA polymerase processivity factor,NDLKKLIELLNL,CD4
DNA polymerase processivity factor,DLKKLIELLNLYR,CD4
Intermediate transcription factor 3 large subunit,DELFCCLR,CD8
Intermediate transcription factor 3 large subunit,ELFCCLREIEDSYS,CD8
Intermediate transcription factor 3 large subunit,LFCCLREIEDSYS,CD8
Intermediate transcription factor 3 large subunit,FCCLREIE,CD8
Intermediate transcription factor 3 large subunit,CCLREIEDSYSR,CD8
IMV membrane,DINESNFN,CD8
IMV membrane,INESNFNHLLVNLS,CD4
Uncharacterized protein 120.5L,YLFIIKHL,CD8
Uncharacterized protein 120.5L,LFIIKHLVKLFTD,CD8
Protein OPG161,DEMTSVNLDI,CD4
Protein OPG161,EMTSVNLDIEGDKL,CD8
Protein OPG161,SVNLDIEG,CD8
Protein OPG161,DIEGDKLNS,CD8
Protein OPG161,IEGDKLNSNENTN,CD8
C-type lectin-like protein domain,KSFNRQTVN,CD8
C-type lectin-like protein domain,SFNRQTVNKIKR,CD8
C-type lectin-like protein domain,FNRQTVNK,CD8
C-type lectin-like protein domain,NRQTVNKIK,CD8
C-type lectin-like protein domain,RQTVNKIKRYST,CD8
Uncharacterized protein 124R,YNFIITSFGVIKI,CD8
Uncharacterized protein 124R,ITSFGVIKIHSVN,CD8
Uncharacterized protein 124R,TSFGVIKIHSVN,CD8
Uncharacterized protein 124R,SFGVIKIHSVN,CD8
Uncharacterized protein 124R,FGVIKIHSV,CD8
Uncharacterized protein 127R,NSTFRVIPFFNFSD,CD4
Uncharacterized protein 127R,STFRVIPFFNFSD,CD4
Uncharacterized protein 127R,TFRVIPFFNFS,CD8
Uncharacterized protein 127R,FRVIPFFNFSDIKT,CD8
Uncharacterized protein 127R,RVIPFFNFSDI,CD8
Uncharacterized protein 130L,ILLIFLFIVITNLS,CD8
Uncharacterized protein 130L,LLIFLFIVITNLSS,CD8
Uncharacterized protein 130L,LIFLFIVITNL,CD8
Uncharacterized protein 130L,IFLFIVITN,CD8
Uncharacterized protein 130L,FLFIVITN,CD8
3-beta hydroxysteroid dehydrogenase,SVYSVIGGCGFIG,CD8
3-beta hydroxysteroid dehydrogenase,VYSVIGGCGFIG,CD8
3-beta hydroxysteroid dehydrogenase,YSVIGGCGF,CD8
3-beta hydroxysteroid dehydrogenase,SVIGGCGF,CD8
3-beta hydroxysteroid dehydrogenase,VIGGCGFIG,CD8
IL-24-like protein,KLYFYCIF,CD8
IL-24-like protein,IFFYKIIVTIS,CD8
IL-24-like protein,FFYKIIVTIS,CD8
IL-24-like protein,FYKIIVTI,CD8
IL-24-like protein,YKIIVTIS,CD8
Type-I IFN receptor,KITYIILLICK,CD8
Type-I IFN receptor,ITYIILLICKEIIC,CD8
Type-I IFN receptor,TYIILLICKEIICD,CD8
Type-I IFN receptor,YIILLICKE,CD8
Type-I IFN receptor,IILLICKEIICDNS,CD8
A52R-family,IKITVSDKKV,CD8
A52R-family,KITVSDKKVTIE,CD8
A52R-family,ITVSDKKVT,CD8
A52R-family,TVSDKKVT,CD8
A52R-family,VSDKKVTIESNN,CD8
Kelch-like protein,RYYKYLVTSINKLK,CD8
Kelch-like protein,YYKYLVTSI,CD8
Kelch-like protein,LVTSINKLKDEN,CD8
Kelch-like protein,VTSINKLK,CD8
Kelch-like protein,INKLKDENL,CD8
CD200-like protein,KLLLLFVSVL,CD8
CD200-like protein,LLLLFVSVLTLF,CD8
CD200-like protein,LLLFVSVLTLFNY,CD8
CD200-like protein,LLFVSVLTLF,CD8
CD200-like protein,LFVSVLTLFN,CD8
VCCP/EEV host range protein,INLTKIII,CD4
VCCP/EEV host range protein,LTKIIILS,CD8
VCCP/EEV host range protein,TKIIILSFISK,CD8
VCCP/EEV host range protein,KIIILSFISKTWCI,CD8
VCCP/EEV host range protein,IIILSFISK,CD8
VCCR8,ETTVLVDNYS,CD8
VCCR8,TTVLVDNYS,CD8
VCCR8,TVLVDNYSYY,CD8
VCCR8,VLVDNYSYYF,CD8
VCCR8,YSYYFEEECDFEMV,CD8
Ankyrin repeat protein,NLCKYSKSVKNIM,CD8
Ankyrin repeat protein,LCKYSKSVKN,CD8
Ankyrin repeat protein,CKYSKSVK,CD8
Ankyrin repeat protein,KYSKSVKNIMIES,CD8
Ankyrin repeat protein,YSKSVKNI,CD8
Uncharacterized protein 150R,FSFVINMIYNLF,CD8
Uncharacterized protein 150R,SFVINMIYN,CD8
Uncharacterized protein 4L,DYKSLITKYVNCIY,CD4
Uncharacterized protein 4L,YKSLITKYVNCIYK,CD4
Uncharacterized protein 4L,KSLITKYVN,CD8
Uncharacterized protein 4L,SLITKYVNCIYKNN,CD8
Uncharacterized protein 4L,LITKYVNC,CD8
Uncharacterized protein 6L,EFCPGYCLV,CD8
Uncharacterized protein 6L,FCPGYCLVDCLN,CD8
Uncharacterized protein 6L,CPGYCLVDCLNG,CD8
Uncharacterized protein 6L,PGYCLVDCLNGDDD,CD8
Uncharacterized protein 6L,GYCLVDCL,CD8
Chemokine inhibitor,KYVITINKS,CD8
Chemokine inhibitor,YVITINKSMIDY,CD4
Chemokine inhibitor,VITINKSM,CD8
Chemokine inhibitor,ITINKSMIDY,CD8
Chemokine inhibitor,TINKSMIDYINI,CD8
SERPIN/Spi3 ortholog,MYLNNVILLAIIN,CD8
SERPIN/Spi3 ortholog,YLNNVILLA,CD8
SERPIN/Spi3 ortholog,LNNVILLAIIN,CD8
SERPIN/Spi3 ortholog,NNVILLAIINT,CD8
SERPIN/Spi3 ortholog,NVILLAIIN,CD8
Ankyrin repeat protein,MPIFYIESGIQDY,CD8
Ankyrin repeat protein,IFYIESGIQDYF,CD8
Ankyrin repeat protein,FYIESGIQDYF,CD8
Ankyrin repeat protein,YIESGIQDYFNYP,CD8
Ankyrin repeat protein,IESGIQDY,CD8
Uncharacterized protein 23.5L,DDNQKRIN,CD8
Uncharacterized protein 23.5L,DNQKRINKVV,CD8
DNA-binding virion core protein,ASLKNQYYTHTP,CD8
DNA-binding virion core protein,SLKNQYYTH,CD8
DNA-binding virion core protein,LKNQYYTHTPFF,CD8
DNA-binding virion core protein,KNQYYTHTPFFI,CD8
DNA-binding virion core protein,NQYYTHTPFFID,CD8
Uncharacterized protein 59R,STFTIPENVKRNPP,CD8
Uncharacterized protein 59R,TFTIPENVKR,CD8
Uncharacterized protein 59R,FTIPENVKRN,CD8
Uncharacterized protein 59R,TIPENVKRN,CD8
Uncharacterized protein 59R,ENVKRNPPNKNP,CD8
IMV membrane protein,ASKQNLYFTPV,CD8
IMV membrane protein,KQNLYFTPVF,CD8
IMV membrane protein,QNLYFTPVFI,CD8
IMV membrane protein,LYFTPVFI,CD8
Host-range protein,GVTHELDIFVTN,CD8
Host-range protein,THELDIFV,CD8
Host-range protein,ELDIFVTNED,CD8
Host-range protein,FVTNEDLA,CD8
Viral replication A28-like protein,PASVFLIVV,CD8
Viral replication A28-like protein,ASVFLIVVAT,CD8
Viral replication A28-like protein,SVFLIVVATVAICL,CD8
Viral replication A28-like protein,VFLIVVATVA,CD8
Viral replication A28-like protein,FLIVVATVAIC,CD8
CD47-like protein,YMYMYNYIIICLF,CD8
CD47-like protein,MYMYNYIIICLF,CD8
CD47-like protein,YMYNYIIICL,CD8
CD47-like protein,MYNYIIICLFKLSL,CD8
CD47-like protein,YNYIIICLF,CD8
VARV B22R-like protein,MRLSFVIYIFL,CD8
VARV B22R-like protein,RLSFVIYI,CD8
VARV B22R-like protein,LSFVIYIFL,CD8
VARV B22R-like protein,SFVIYIFLPIIY,CD8
VARV B22R-like protein,FVIYIFLP,CD8
Protein OPG181,STIVGSVTSLK,CD8
Protein OPG181,TIVGSVTSLKDLET,CD8
Protein OPG181,VGSVTSLKD,CD8
Protein OPG181,SVTSLKDLETL,CD8
Protein OPG181,SLKDLETLELVGK,CD8
Ankyrin repeat protein,ASLYSYISN,CD4
Ankyrin repeat protein,SLYSYISNER,CD8
Ankyrin repeat protein,SNERYVINSNI,CD8
Ankyrin repeat protein,NERYVINSNIVE,CD8
Ankyrin repeat protein,ERYVINSNI,CD8
SERPIN/crmA ortholog,DLFKELARNGKE,CD8
SERPIN/crmA ortholog,LFKELARNGK,CD8
SERPIN/crmA ortholog,FKELARNGK,CD8
SERPIN/crmA ortholog,KELARNGKENIFIS,CD8
SERPIN/crmA ortholog,ELARNGKENIFISP,CD8
Uncharacterized protein 151R,EVITDGVLRLKSF,CD8
Uncharacterized protein 151R,VITDGVLRLKS,CD8
Uncharacterized protein 151R,ITDGVLRLKSFR,CD8
Uncharacterized protein 151R,TDGVLRLKSFRDDF,CD8
Uncharacterized protein 151R,DGVLRLKSFR,CD8
TNF binding protein,NKLILFSTIVAV,CD8
TNF binding protein,KLILFSTIVAVCN,CD8
TNF binding protein,LILFSTIVAVC,CD8
TNF binding protein,ILFSTIVAVC,CD8
TNF binding protein,LFSTIVAVCNC,CD8
J5L,DKTTLTVN,CD8
J5L,KTTLTVNGLEL,CD8
J5L,TTLTVNGLELE,CD8
J5L,TLTVNGLELEYV,CD4
J5L,LTVNGLELEYVRE,CD8
IMV envelope protein p35,AKNNNEMLLD,CD8
IMV envelope protein p35,KNNNEMLLD,CD8
IMV envelope protein p35,NNNEMLLDV,CD8
IMV envelope protein p35,NNEMLLDVPIY,CD8
IMV envelope protein p35,LDVPIYIIP,CD8
IF2a-like protein PKR inhibitor,NNHKSKLAFCY,CD8
IF2a-like protein PKR inhibitor,NHKSKLAFCY,CD8
IF2a-like protein PKR inhibitor,HKSKLAFCYAF,CD8
IF2a-like protein PKR inhibitor,KSKLAFCYAFPTVG,CD8
IF2a-like protein PKR inhibitor,KLAFCYAF,CD8
